{"name":"0a4d63e5-15d8-45fe-bb13-e011d1e1bf88","id":"/providers/Microsoft.Flow/flows/0a4d63e5-15d8-45fe-bb13-e011d1e1bf88","type":"Microsoft.Flow/flows","properties":{"apiId":"/providers/Microsoft.PowerApps/apis/shared_logicflows","displayName":"Create-SP-Site-REST w Button","definition":{"metadata":{"workflowEntityId":null,"processAdvisorMetadata":null,"flowclientsuspensionreason":"None","flowclientsuspensiontime":null,"creator":{"id":"a172d0f0-5f2f-416b-8659-a3d860deffe1","type":"User","tenantId":"8e6a8ae9-a650-42a7-b99f-505382093117"},"provisioningMethod":"FromDefinition","failureAlertSubscription":true,"clientLastModifiedTime":"2022-05-13T23:03:05.4415238Z"},"$schema":"https://schema.management.azure.com/providers/Microsoft.Logic/schemas/2016-06-01/workflowdefinition.json#","contentVersion":"1.0.0.0","parameters":{"$connections":{"defaultValue":{},"type":"Object"},"$authentication":{"defaultValue":{},"type":"SecureObject"}},"triggers":{"manual":{"metadata":{"operationMetadataId":"02c13398-6fb6-45c0-ad94-f593ae9029b2"},"type":"Request","kind":"Button","inputs":{"schema":{"type":"object","properties":{"text":{"title":"SiteURLName","type":"string","x-ms-dynamically-added":true,"description":"Enter Site URL Name No Spaces (Dashes OK)","x-ms-content-hint":"TEXT"},"text_1":{"title":"SiteTitle","type":"string","x-ms-dynamically-added":true,"description":"Enter Site Title","x-ms-content-hint":"TEXT"}},"required":["text","text_1"]},"headersSchema":{"x-ms-user-email-encoded":{"title":"User email","type":"string","format":"byte","x-ms-dynamically-added":false}}},"description":"See https://www.youtube.com/watch?v=mVOtFWC6Q8E  and  https://docs.microsoft.com/en-us/sharepoint/dev/sp-add-ins/get-to-know-the-sharepoint-rest-service?tabs=http"}},"actions":{"Send_an_HTTP_request_to_SharePoint":{"runAfter":{"Initialize_variable_-_varCreatorEmail":["Succeeded"]},"metadata":{"operationMetadataId":"36ec66ce-9d55-4594-835a-d4b3a08ca385"},"type":"OpenApiConnection","inputs":{"host":{"apiId":"/providers/Microsoft.PowerApps/apis/shared_sharepointonline","connectionName":"shared_sharepointonline","operationId":"HttpRequest"},"parameters":{"dataset":"https://deogloriainteractive0.sharepoint.com/sites/DeoConnect","parameters/method":"POST","parameters/uri":"/_api/SPSiteManager/create","parameters/body":"{\n    \"request\": {\n      \"Title\": \"@{variables('varSiteTitle')}\",\n      \"Url\":\"https://deogloriainteractive0.sharepoint.com/sites/@{variables('varSiteURLName')}\",\n      \"Lcid\": 1033,\n      \"ShareByEmailEnabled\":false,\n      \"Classification\":\"Low Business Impact\",\n      \"Description\":\"Description\",\n      \"WebTemplate\":\"SITEPAGEPUBLISHING#0\",\n      \"SiteDesignId\":\"96c933ac-3698-44c7-9f4a-5fd17d71af9e\",\n      \"Owner\":\"@{variables('varCreatorEmail')}\",\n      \"WebTemplateExtensionId\":\"00000000-0000-0000-0000-000000000000\"\n    }\n  }"},"authentication":{"value":"@json(decodeBase64(triggerOutputs().headers['X-MS-APIM-Tokens']))['$ConnectionKey']","type":"Raw"}}},"Initialize_variable__-_varSiteURLName":{"runAfter":{},"metadata":{"operationMetadataId":"243daaba-cee4-4b91-964d-997a8d4abcf7"},"type":"InitializeVariable","inputs":{"variables":[{"name":"varSiteURLName","type":"string","value":"@triggerBody()['text']"}]}},"Initialize_variable_-_varCreatorEmail":{"runAfter":{"Initialize_variable_-_varSiteTitle":["Succeeded"]},"metadata":{"operationMetadataId":"7afcaf85-32f9-4073-8a81-6e4708a338fe"},"type":"InitializeVariable","inputs":{"variables":[{"name":"varCreatorEmail","type":"string","value":"@base64ToString(triggerOutputs()['headers']['x-ms-user-email-encoded'])"}]}},"Initialize_variable_-_varSiteTitle":{"runAfter":{"Initialize_variable__-_varSiteURLName":["Succeeded"]},"metadata":{"operationMetadataId":"77dff421-ed8b-42a9-ab3b-b99ea0498059"},"type":"InitializeVariable","inputs":{"variables":[{"name":"varSiteTitle","type":"string","value":"@triggerBody()['text_1']"}]}}}},"connectionReferences":{"shared_sharepointonline":{"connectionName":"e3a321dc0517c6ffc5d123273ec5689f","source":"Invoker","id":"/providers/Microsoft.PowerApps/apis/shared_sharepointonline","tier":"NotSpecified"}},"flowFailureAlertSubscribed":false,"isManaged":false}}